,Pozo,Num BHA,MD,TVD,DLS Mean,Azi Mean,Inc Mean,Inc Max,Azi Max,DLS Max,MW,Tiempo,Tipo Pozo,Duracion
0,CASTILLA 1,5,7272.5,7268.9,1.097313232338512,228.07649006622503,2.144701986754966,3.5,356.33,3.79,10.229508196721316,43.0,TIPO J,864.0
1,CASTILLA 1,5,7272.5,7268.9,1.097313232338512,228.07649006622503,2.144701986754966,3.5,356.33,3.79,10.229508196721316,43.0,VERTICAL,864.0
2,CASTILLA 108,8,9271.0,6577.4,1.3160317693798997,168.51451612903227,32.28204301075269,94.14,289.39,3.68,9.976835770025497,4.0,HORIZONTAL,600.0
3,CASTILLA 125,8,7300.0,7293.3,0.6641727276165343,175.26600000000005,2.0899999999999994,4.13,359.03,2.43,10.452941176470588,12.0,TIPO J,384.0
4,CASTILLA 129,29,10443.1,6832.9,1.2591676853137035,240.39966386554627,37.204453781512605,88.16,338.7,4.34,10.313333333333334,19.5,TIPO J,576.0
5,CASTILLA 130,11,8683.0,7626.4,1.1054115902462318,71.1121649484536,24.485979381443293,54.8,340.82,4.72,10.385714285714286,69.5,HORIZONTAL,456.0
6,CASTILLA 137,11,8250.0,7733.1,1.2762933624771389,112.09323809523818,14.68914285714286,49.57,358.85,3.95,10.522727272727273,81.5,TIPO J,504.0
7,CASTILLA 138,4,8051.0,7704.9,1.0416311802836025,123.54131578947373,10.669473684210525,46.05,359.93,4.28,10.194117647058826,7.0,TIPO J,384.0
8,CASTILLA 139,15,9320.0,8549.8,0.960923622240395,169.85625730994153,11.55111111111111,51.62,352.4,4.94,10.0,4.5,TIPO J,744.0
9,CASTILLA 14,4,7255.5,7248.4,1.7609127766605668,204.25180180180163,1.6350675675675663,10.73,356.25,4.72,10.647435897435894,34.5,TIPO J,720.0
10,CASTILLA 14,4,7255.5,7248.4,1.7609127766605668,204.25180180180163,1.6350675675675663,10.73,356.25,4.72,10.647435897435894,34.5,VERTICAL,720.0
11,CASTILLA 144,12,7611.0,7157.8,1.0094559728542356,249.99891304347824,12.20333333333333,46.0,354.5,2.89,10.484000000000002,88.5,TIPO J,576.0
12,CASTILLA 146,30,9810.0,6945.3,1.3529288013480594,279.6454867256636,33.6933628318584,86.9,356.6,4.45,9.655797721769764,236.5,HORIZONTAL,936.0
13,CASTILLA 147,17,7757.0,7245.7,1.0231552189061532,192.08933333333337,16.233,45.21,230.39,2.59,10.178947368421051,22.0,TIPO J,432.0
14,CASTILLA 148,21,8393.0,7275.6,1.1855621843911852,144.04197916666672,21.41645833333334,63.51,357.66,3.95,10.4875,13.0,TIPO J,369.0
15,CASTILLA 149,18,9834.0,6790.9,1.2837533059726554,132.18518181818183,33.57709090909091,95.83,359.44,5.0,10.230434782608697,13.0,HORIZONTAL,552.0
16,CASTILLA 150,8,9799.0,6923.9,1.3736144009316866,104.40935779816512,31.140275229357794,91.9,353.36,4.98,9.996153846153847,24.5,HORIZONTAL,600.0
17,CASTILLA 151,6,9485.0,6846.1,1.3245737935329056,111.46194444444447,31.246944444444445,88.85,358.73,3.58,10.31578947368421,23.5,HORIZONTAL,432.0
18,CASTILLA 152,6,9808.0,6990.6,1.352722537981111,141.83678571428567,31.033392857142864,90.86,358.87,3.89,9.913793103448274,31.5,HORIZONTAL,744.0
19,CASTILLA 153,22,9393.0,6933.7,1.4000088384475062,240.34731481481478,27.88842592592593,91.15,359.74,4.63,9.558064516129033,211.5,HORIZONTAL,768.0
20,CASTILLA 156,10,8483.0,6701.6,1.4952023463368036,228.57225806451603,26.56064516129032,75.4,299.31,4.05,10.522222222222222,11.0,HORIZONTAL,408.0
21,CASTILLA 157,7,8207.0,7236.5,1.286335036059806,211.42595505617982,21.289999999999996,46.92,355.05,3.86,10.61111111111111,24.5,TIPO J,456.0
22,CASTILLA 158,6,7626.0,7133.9,1.2756855202719808,207.3703409090909,13.655170454545452,52.42,332.36,3.61,10.514285714285716,2.5,TIPO J,312.0
23,CASTILLA 159,7,8285.0,7017.2,1.3378769489292548,185.54167630057796,23.51543352601157,69.82,263.32,3.98,10.411764705882353,3.5,TIPO J,384.0
24,CASTILLA 160,8,9616.0,6928.1,1.353946245298459,166.3552173913044,30.730434782608704,86.28,298.52,4.4,10.205263157894738,6.5,VERTICAL,432.0
25,CASTILLA 161,8,9115.0,6595.1,1.4128923371163427,123.22509615384617,33.26307692307692,90.8,288.14,4.88,10.275,12.5,TIPO J,456.0
26,CASTILLA 162,9,8550.0,7326.2,1.1688018422634954,217.50186274509807,20.506960784313726,71.18,345.26,3.76,10.014285714285714,3.0,TIPO J,480.0
27,CASTILLA 163,6,8580.0,7399.0,1.2883013551265134,117.54100961538462,20.563269230769233,74.99,359.89,3.98,10.090476190476192,123.5,TIPO J,480.0
28,CASTILLA 164,12,7668.0,7447.4,0.8528853089000963,132.9317721518987,9.095822784810128,37.55,359.88,3.76,10.579999999999997,0.5,HORIZONTAL,336.0
29,CASTILLA 165,9,9491.0,7179.5,1.2376266958104731,95.00523809523816,28.201142857142855,79.33,359.57,4.38,10.357142857142858,16.0,TIPO J,480.0
30,CASTILLA 166,63,9180.0,7448.0,1.3108990401990066,96.45128712871289,24.345742574257432,76.0,354.7,3.4,10.326315789473687,1.0,TIPO J,432.0
31,CASTILLA 168,8,7857.0,7452.7,1.030325837392955,230.4831578947368,15.441578947368422,36.62,335.84,3.25,10.335294117647058,10.0,TIPO J,384.0
32,CASTILLA 170,10,8975.0,7943.6,1.314013936567597,142.55499999999998,19.27306603773585,69.95,356.45,4.3,10.373684210526315,10.5,TIPO J,432.0
33,CASTILLA 171,15,10877.0,7581.8,1.1023818522559203,146.2136516853933,25.138146067415732,91.0,356.63,3.88,9.996296296296295,0.0,TIPO J,624.0
34,CASTILLA 172,10,8188.0,7671.3,0.8444769284267476,236.6156818181817,10.671136363636368,52.94,359.82,3.76,10.3625,7.5,TIPO J,384.0
35,CASTILLA 176,5,8717.0,6605.9,1.7113929179949867,137.48584269662922,30.09887640449438,94.14,357.63,4.99,11.048228140503571,580.0,HORIZONTAL,1200.0
36,CASTILLA 177,5,9787.4,6750.1,1.561087789728732,115.03892156862749,35.64843137254902,94.64,359.82,4.23,10.061409977858638,31.0,TIPO J,504.0
37,CASTILLA 178,6,8860.0,6792.3,1.7107323732827102,152.14633663366337,30.752079207920797,92.1,316.07,4.26,10.222048192771082,4.0,TIPO J,552.0
38,CASTILLA 179,7,9786.0,6498.4,1.4038991591094951,124.95071770334921,37.64822966507177,91.83,349.57,3.63,9.968631578947365,71.5,HORIZONTAL,576.0
39,CASTILLA 181,5,7820.0,7466.2,1.017469697104523,143.78976470588236,11.705529411764704,40.2,318.62,2.49,10.2225641025641,6.5,TIPO J,310.99999999991996
40,CASTILLA 182,4,7880.0,6985.1,0.9921916324658189,314.284772727273,21.242727272727265,52.77,339.54,2.17,10.439215686274506,16.0,TIPO J,368.50000000008004
41,CASTILLA 183,4,8870.0,7658.2,1.0835504020725264,139.74948979591835,24.03989795918368,55.5,345.92,2.37,10.341999999999995,42.0,TIPO J,404.50000000008004
42,CASTILLA 184,6,8060.0,7361.8,0.86686089631792,234.0187234042552,20.49148936170213,44.97,266.53,2.13,10.070749999999995,12.0,TIPO J,324.0
43,CASTILLA 185,9,7800.0,7395.3,0.7546889586564093,213.0113793103448,15.314827586206896,31.02,243.71,2.25,10.437000000000001,17.0,TIPO J,327.0
44,CASTILLA 186,9,9025.0,7094.2,1.0544236303344199,267.680808080808,29.23969696969696,73.2,343.88,2.43,10.462187499999997,3.5,TIPO J,439.00000000008004
45,CASTILLA 187,6,7750.0,7332.6,0.826112947762586,194.18204545454543,14.865454545454543,37.47,319.83,2.37,10.238297872340423,3.0,TIPO J,312.0
46,CASTILLA 189,4,8416.0,6698.2,1.1540206319479531,95.88425531914892,29.944680851063826,62.93,359.82,2.41,10.298653846153845,22.0,TIPO J,415.99999999991996
47,CASTILLA 190,5,9651.0,6541.8,1.5325348944679875,118.25656565656568,36.5981818181818,92.95,352.38,3.94,10.72839194870148,27.0,TIPO J,480.0
48,CASTILLA 191,12,8039.8,7495.9,1.073925804743295,216.60020618556692,11.944948453608246,53.09,355.94,2.86,10.357894736842104,24.5,TIPO J,456.0
49,CASTILLA 192,11,10123.0,7033.8,1.4161034948269826,86.31338709677419,32.58338709677418,90.31,351.14,4.03,10.791836734693874,9.0,TIPO J,624.0
50,CASTILLA 193,5,8050.0,7455.6,0.920834936139864,89.4325961538462,14.769326923076923,51.6,354.35,2.91,10.055555555555554,53.5,TIPO J,432.0
51,CASTILLA 194,9,8286.0,6926.6,1.103199681068987,246.56873684210532,24.18210526315789,74.35,329.56,2.97,10.097276354831621,57.5,TIPO J,576.0
52,CASTILLA 195,5,8814.0,7318.4,0.9662521330247937,60.003009708737835,31.48349514563106,46.5,345.53,3.51,10.133333333333338,133.5,TIPO J,408.0
53,CASTILLA 196,11,9943.0,7018.5,1.4339712547092012,111.25028037383169,34.77411214953272,85.71,337.42,3.96,9.870731707317072,163.0,HORIZONTAL,696.0
54,CASTILLA 197,5,9861.0,7086.6,1.3777835108248082,229.0822522522522,31.53954954954955,92.01,358.63,4.09,10.210526315789469,28.5,HORIZONTAL,576.0
55,CASTILLA 198,8,8124.0,7292.0,1.3557601441994742,65.02932203389832,24.940508474576276,85.65,359.63,4.9,9.893939393939394,194.5,TIPO J,768.0
56,CASTILLA 199,9,7703.0,7316.6,1.185456439680445,120.00802083333326,10.781249999999998,51.34,357.57,4.63,10.44375,27.0,TIPO J,360.0
57,CASTILLA 200,39,9919.0,6871.3,1.475744287377866,108.86254098360658,32.238278688524595,93.04,346.25,4.79,10.220833333333335,53.5,TIPO J,576.0
58,CASTILLA 201,12,7788.0,7341.6,1.4040673570306887,104.93821782178216,13.04990099009901,50.24,340.0,4.29,10.399999999999999,50.5,TIPO J,384.0
59,CASTILLA 202,5,8314.0,7010.1,0.9813774411283753,210.2622222222222,26.652888888888892,53.37,285.42,2.37,10.461818181818186,51.0,TIPO J,455.98333333344
60,CASTILLA 204,4,7900.0,6921.1,1.3079486586185192,86.85815286624204,22.084267515923568,62.99,350.81,2.59,9.924590163934425,61.0,TIPO J,481.5
61,CASTILLA 205,19,8100.0,7102.4,0.9227858359899728,138.0686516853932,24.004382022471905,49.57,223.5,2.48,10.056666666666667,16.5,TIPO J,364.00000000008004
62,CASTILLA 206,12,8359.0,6680.7,0.9468595634742749,100.06204301075269,31.85903225806452,60.83,354.71,2.25,10.149999999999995,7.0,TIPO J,435.0
63,CASTILLA 207,7,7740.0,6609.9,1.0892230862148773,111.5741447368422,25.63440789473684,58.6,299.17,2.69,10.288095238095236,11.5,TIPO J,327.0
64,CASTILLA 209,7,7320.0,7077.1,0.7948453769629179,164.34641025641025,8.521666666666667,35.35,347.86,2.94,9.91551724137931,86.0,TIPO J,439.99999999991996
65,CASTILLA 210,6,10732.0,7039.4,1.2845407352586375,303.7519672131147,40.62229508196721,90.2,357.15,3.62,10.263636363636358,1.0,HORIZONTAL,696.0
66,CASTILLA 211,4,8901.0,6990.6,1.2035092098343878,254.93274509803928,27.175686274509804,79.99,356.91,3.94,10.190163934426232,31.5,HORIZONTAL,504.0
67,CASTILLA 212,6,8481.0,6546.1,1.612703308713107,126.77336734693883,28.765000000000008,90.14,359.31,4.79,10.068518518518518,15.5,HORIZONTAL,408.0
68,CASTILLA 214,14,7769.0,7172.0,0.8135468976560423,260.3914285714286,16.728452380952383,42.45,342.35,2.8,9.95483870967742,69.0,TIPO J,423.0
69,CASTILLA 215,8,8052.0,7152.8,0.8676172966641299,268.4461797752808,21.637865168539328,48.0,354.26,2.92,10.327083333333334,468.0,TIPO J,807.4999999999201
70,CASTILLA 216,7,8268.0,6655.4,1.1411732543816044,99.99054347826088,31.435543478260872,61.9,133.96,2.63,10.849038461538463,369.5,TIPO J,801.0
71,CASTILLA 217,15,7710.0,7211.6,0.8599780787564641,236.71638297872352,17.32734042553191,34.38,344.32,2.05,9.770588235294122,322.0,TIPO J,657.49999999992
72,CASTILLA 218,4,7820.0,7011.0,0.8855051694483246,101.49470588235293,21.265764705882354,52.29,346.11,2.54,10.193478260869563,11.0,TIPO J,342.0
73,CASTILLA 219,7,7892.0,7211.7,0.8241142460127306,65.29965517241381,20.118390804597706,39.1,356.07,1.92,10.545614035087718,82.0,TIPO J,426.0
74,CASTILLA 221,8,8287.0,7137.1,1.0149545455318052,238.9658426966293,24.184269662921345,52.2,324.96,3.37,10.102083333333333,45.5,TIPO J,400.00000000008004
75,CASTILLA 222,19,7465.0,7021.1,1.2944689487750234,231.88907407407407,16.053487654320985,54.5,352.98,3.63,9.911267605633812,261.5,TIPO J,562.98333333336
76,CASTILLA 223,5,8964.0,6812.0,0.9736577618489203,209.81929824561402,30.510263157894727,79.9,351.52,4.18,10.431481481481482,25.5,TIPO J,430.00000000008004
77,CASTILLA 224,7,7733.0,7331.6,1.1675095602392818,128.48428571428565,10.248214285714289,46.92,343.21,3.63,10.788888888888888,38.5,TIPO J,384.0
78,CASTILLA 225,5,9121.0,6732.8,1.150451777411317,174.29673076923083,31.19403846153846,80.35,352.96,3.62,10.198437500000002,32.5,TIPO J,528.9666666667199
79,CASTILLA 226,5,7634.0,6785.9,1.1241421357512813,73.55666666666669,20.12904761904762,59.93,359.07,2.76,10.482758620689651,9.5,TIPO J,427.5
80,CASTILLA 227,5,8059.0,7478.4,0.9196937611947502,212.87023529411752,15.569588235294114,43.07,297.55,2.56,10.560416666666665,176.5,DESVIADO T,540.0
81,CASTILLA 229,7,8550.0,7086.1,0.9592414674011324,187.28842105263163,28.222,54.95,301.4,3.13,10.3765625,97.5,TIPO J,416.50000000008004
82,CASTILLA 230,4,7700.0,7188.2,0.9244101085994829,104.32152985074626,13.823805970149252,50.37,349.64,3.21,9.59629629629629,232.0,TIPO J,630.0
83,CASTILLA 231,11,7408.0,6865.1,1.1593875223895012,203.39211764705877,13.757764705882353,64.78,357.85,4.31,10.43870023975109,2.0,TIPO J,305.50000000008004
84,CASTILLA 232,14,9140.0,6770.7,1.2976625493792187,103.38630550621671,25.84319715808172,88.54,355.29,4.94,9.485889570552144,817.0,HORIZONTAL,1293.49999999992
85,CASTILLA 233,8,10040.0,7265.3,1.3800936286524,107.86111111111106,30.926923076923075,89.02,357.67,4.69,9.828125000000009,229.0,TIPO J,789.0
86,CASTILLA 234,10,9316.0,7237.6,1.4439189586754668,128.5983613445378,27.65495798319328,89.83,357.02,4.88,9.898484848484859,352.5,TIPO J,1050.0
87,CASTILLA 236,8,8447.0,7309.7,1.1104064269316143,252.84659340659348,19.734175824175825,74.79,357.68,4.11,10.387058823529424,43.0,HORIZONTAL,667.00000000008
88,CASTILLA 237,4,8501.0,7339.5,1.014659007709382,226.0284615384616,24.28571428571428,54.7,266.16,2.62,10.591634292517966,33.0,TIPO J,375.0
89,CASTILLA 238,15,9523.0,6937.3,1.3204818723353016,144.99035714285705,31.09705357142857,95.0,356.42,4.32,10.12737575268423,21.5,HORIZONTAL,461.50000000008004
90,CASTILLA 240,7,8070.0,6924.6,1.3278976500158555,150.03632653061229,20.805510204081635,76.3,356.76,3.58,10.665999999999999,10.0,TIPO J,432.0
91,CASTILLA 241,5,9543.0,6838.5,1.3040096276446298,133.0573958333333,32.7503125,98.24,355.95,4.6,9.765909090909084,103.0,HORIZONTAL,696.0
92,CASTILLA 242,5,7650.0,7119.4,1.0219625889080717,67.86080246913583,15.65067901234567,50.62,356.08,2.48,9.72631578947368,229.0,TIPO J,540.49999999992
93,CASTILLA 243,12,9946.0,7278.6,1.3805077189558752,261.276320754717,28.474245283018867,87.22,355.52,4.72,9.371428571428568,149.5,HORIZONTAL,1080.0
94,CASTILLA 245,23,10086.0,6769.8,1.4902725934522096,107.21353982300889,36.41601769911504,93.32,353.21,4.22,9.995833333333332,18.0,TIPO J,552.0
95,CASTILLA 246,6,9858.0,6820.0,1.5285064582858725,112.81483606557383,32.385737704918036,92.1,357.76,4.64,10.165217391304349,38.0,TIPO J,528.0
96,CASTILLA 248,4,9850.0,7303.0,1.2002776193034137,85.89609865470848,32.33739910313901,82.47,325.94,3.13,10.813749999999997,17.0,HORIZONTAL,633.49999999992
97,CASTILLA 249,6,9300.0,7341.1,1.2079246212694223,117.19655,22.670299999999983,77.3,335.36,4.89,10.820833333333335,24.5,HORIZONTAL,472.99999999991996
98,CASTILLA 250,7,7836.0,7123.5,1.1329145712931252,176.98808510638295,16.616063829787233,57.93,354.91,4.07,10.4337804094211,90.5,TIPO J,519.0
99,CASTILLA 251,19,8540.0,7500.1,1.0088580048878821,109.78442477876105,23.010884955752214,48.22,303.84,2.46,10.586930693069318,354.5,TIPO J,804.4999999999201
100,CASTILLA 252,10,9554.0,7008.0,1.7198505377970692,54.615483870967736,43.2971612903226,93.0,353.05,4.92,9.484388185654025,1390.0,HORIZONTAL,1912.00000000008
101,CASTILLA 253,11,9451.0,6846.7,1.3824217403812276,140.4073394495412,30.52733944954128,93.16,359.99,4.52,9.901639344262298,314.0,HORIZONTAL,926.98333333344
102,CASTILLA 254,15,9464.0,6939.9,1.3026077924697401,145.29123809523807,29.560666666666663,86.83,358.42,4.17,10.060869565217393,124.0,TIPO J,528.0
103,CASTILLA 255,7,8461.0,7454.2,0.9787883839147853,144.02033333333333,21.955000000000005,51.0,333.89,2.65,10.540000000000006,168.5,TIPO J,660.0
104,CASTILLA 257,4,7471.0,7039.9,1.0315806568955321,234.1524550898204,11.866526946107786,50.0,353.78,3.57,10.542108888689997,252.5,TIPO S,707.50000000008
105,CASTILLA 258,8,8132.0,6854.6,1.328470886927264,218.13738219895293,23.876753926701568,72.7,352.21,3.98,10.685714285714282,20.5,HORIZONTAL,329.50000000008004
106,CASTILLA 260,11,8550.0,7584.1,0.9690223829722021,250.29130681818177,15.05903409090909,52.63,359.23,2.97,10.56028354454263,55.5,TIPO S,363.49999999991996
107,CASTILLA 261,5,8720.0,6766.0,1.556263865108998,172.18396226415095,29.729999999999997,88.62,337.33,4.0,10.272727272727272,12.5,HORIZONTAL,384.0
108,CASTILLA 264,8,7800.0,7188.2,1.0002354444082096,217.65539325842698,15.254044943820226,57.64,358.44,3.44,11.296774193548396,638.0,TIPO J,1008.0
109,CASTILLA 265,7,9700.0,7006.5,1.3146927693223154,272.93594059405945,31.278613861386138,91.46,357.7,4.81,9.996296296296292,84.5,HORIZONTAL,637.99999999992
110,CASTILLA 266,5,9960.0,6953.0,1.359164953926555,219.73704347826072,33.64608695652175,89.89,359.95,3.55,9.748275862068962,193.0,HORIZONTAL,694.5
111,CASTILLA 268,13,10710.0,7184.3,1.2620675398436763,132.32076271186446,35.77271186440677,90.75,353.12,4.14,10.072072072072075,93.0,TIPO J,648.0
112,CASTILLA 269,6,10428.0,7101.6,1.2585560474207593,111.13584070796463,36.63778761061947,89.45,174.51,3.01,10.112244897959197,725.0,HORIZONTAL,1465.5
113,CASTILLA 270,13,10671.0,7126.2,1.3639111516435063,108.75319999999998,43.358959999999996,90.14,336.74,3.93,9.584083044982703,1400.5,TIPO J,2352.0
114,CASTILLA 271,12,10101.0,7164.7,1.258696770425404,258.6183333333332,31.940964912280702,87.1,358.8,3.93,10.262931308239787,8.5,HORIZONTAL,432.0
115,CASTILLA 272,12,7830.0,7113.0,1.095974242538845,245.29362499999996,16.224749999999997,58.27,359.9,4.0,10.188970292937803,25.5,TIPO J,408.0
116,CASTILLA 273,6,9837.0,6693.0,1.3649910408830757,74.70226086956521,35.714869565217384,92.58,357.35,3.95,10.232311045219326,261.5,HORIZONTAL,696.0
117,CASTILLA 274,7,9670.0,7133.3,1.247150903061692,234.1805050505051,30.490606060606062,88.81,345.07,3.91,9.902040816326531,33.5,HORIZONTAL,528.0
118,CASTILLA 276,10,9752.0,6930.8,1.5350146854204723,193.12199999999996,36.338307692307666,95.96,358.85,4.57,9.591499999999993,822.0,HORIZONTAL,1590.0
119,CASTILLA 277,6,7456.0,7454.4,0.38112289570778624,184.95012345679012,0.862716049382716,3.7,358.69,1.4369848507768956,10.313953488372091,2.0,VERTICAL,384.0
120,CASTILLA 278,8,9508.0,6517.1,1.5010651373976993,98.96485981308408,34.61943925233645,93.16,353.48,4.42,9.97659574468085,47.0,HORIZONTAL,480.0
121,CASTILLA 281,5,10200.0,7067.2,1.3051891015980277,238.23747368421039,28.87456140350877,89.8,348.26,3.69,10.976415094339615,301.0,TIPO J,824.5000000000799
122,CASTILLA 283,9,9500.0,6790.4,1.826687024110533,165.2387692307692,34.082256410256385,91.15,260.49,4.15,10.685869565217399,163.5,HORIZONTAL,732.49999999992
123,CASTILLA 284,4,8100.0,7152.3,0.8040217910461525,110.5761797752809,24.696292134831452,43.25,346.73,1.89,10.082692307692307,30.0,TIPO J,420.0
124,CASTILLA 285,10,8620.0,7309.8,1.3456287028351763,304.0824719101124,26.187415730337072,50.24,351.68,3.45,10.980722891566264,112.0,TIPO J,676.99999999992
125,CASTILLA 286,7,7510.0,6980.4,1.0363080808929712,70.66481481481478,15.234814814814817,49.39,359.69,3.05,9.690277777777784,102.0,TIPO J,568.00000000008
126,CASTILLA 287,4,8365.0,7056.4,0.9456231624070055,104.92425742574265,28.136237623762373,52.12,357.48,1.94,10.92926829268293,93.0,TIPO J,550.99999999992
127,CASTILLA 288,7,7540.0,7078.6,0.9255486181745546,47.34626373626374,18.000109890109893,39.07,191.72,2.03,10.44915254237288,52.5,TIPO J,421.00000000008004
128,CASTILLA 289,4,8390.0,7065.2,1.096873198088423,62.52970873786409,27.890194174757287,52.39,124.07,2.74,10.625333333333336,41.0,TIPO J,525.0
129,CASTILLA 290,8,7843.0,6856.7,0.9020197898276281,302.08448979591833,23.32061224489796,52.2,347.73,1.92,10.369166666666667,87.0,TIPO J,442.99999999991996
130,CASTILLA 291,6,8340.0,7050.1,0.8980793940310758,245.6535,27.787100000000006,60.4,348.96,3.07,10.120895522388059,14.5,TIPO J,547.99999999992
131,CASTILLA 292,6,7772.0,6906.0,1.1282465241450668,130.7718823529412,20.075411764705883,60.16,357.76,2.85,10.428865147846505,27.5,TIPO J,487.00000000008004
132,CASTILLA 293,7,7487.0,6885.2,1.226397042799165,184.38819277108428,16.357590361445784,53.7,355.71,4.48,10.305882352941175,13.0,TIPO J,379.99999999991996
133,CASTILLA 294,6,7516.0,7247.4,0.8646542208610795,86.09583333333336,9.767738095238096,38.5,329.54,2.35,10.43555555555555,26.0,TIPO J,343.99999999991996
134,CASTILLA 295,6,7340.0,6800.3,1.2807269284267477,222.86556818181808,16.93659090909091,53.0,355.82,2.81,9.489230769230778,265.0,TIPO J,603.49999999992
135,CASTILLA 296,7,7820.0,7347.1,1.0267232672860285,228.51770114942525,12.87563218390805,49.94,333.62,3.79,10.381818181818177,32.0,TIPO J,438.49999999991996
136,CASTILLA 300,6,7400.0,7256.5,0.8224933607265322,156.70494382022468,10.251797752808987,19.25,358.0,2.65,10.361764705882358,186.5,TIPO J,538.00000000008
137,CASTILLA 301,5,7930.0,7190.1,1.103580690733809,229.4118604651162,19.2246511627907,51.9,335.7,2.17,10.489393939393935,43.0,TIPO J,544.99999999992
138,CASTILLA 302,5,8058.0,7666.1,1.1601676882458931,112.95533333333337,12.685888888888886,48.31,352.34,3.83,10.350624999999999,5.0,TIPO J,384.0
139,CASTILLA 303,7,8082.0,7384.9,1.1571742424508944,139.4790697674419,19.00418604651163,47.03,358.5,2.79,10.528846153846148,26.0,TIPO J,412.00000000008004
140,CASTILLA 304,8,7770.0,7129.6,0.8912276563389481,278.6077215189874,17.93012658227848,46.96,354.82,2.79,10.56458333333333,12.0,TIPO J,373.00000000008004
141,CASTILLA 305,10,7675.0,7280.7,1.1263492150696008,190.93421686746984,12.838674698795183,43.87,331.73,3.57,10.625,25.0,TIPO J,448.99999999991996
142,CASTILLA 306,8,8300.0,7411.0,1.0559620504963327,212.5450467289718,22.32467289719626,47.0,269.75,2.15,10.728571428571428,60.0,DESVIADO T,434.50000000008004
143,CASTILLA 308,6,10014.0,7121.8,1.400936980585975,268.93283185840704,30.461858407079646,89.48,353.09,4.45,10.025490196078426,769.0,HORIZONTAL,1200.0
144,CASTILLA 309,5,9386.0,7129.6,1.3835068358211797,219.66306976744193,30.506697674418604,85.4,310.46,3.92,10.090255586712498,129.5,HORIZONTAL,568.00000000008
145,CASTILLA 312,11,9959.0,7068.3,1.4470217733563524,85.47399999999996,44.465851851851845,90.7,353.41,4.75,9.52454545454545,292.0,HORIZONTAL,1560.0
146,CASTILLA 313,4,8374.0,7264.5,1.1449882920631114,178.44823863636358,23.539261363636363,52.54,352.92,3.17,10.162295081967219,110.0,HORIZONTAL,492.0
147,CASTILLA 314,8,8130.0,7483.2,1.1628095455233065,225.6813999999999,16.461900000000004,52.0,309.65,3.62,10.307407407407405,54.5,DESVIADO T,432.0
148,CASTILLA 315,5,8150.0,7293.9,0.9899094333421115,167.14683615819212,18.759265536723156,53.38,336.78,4.59,10.381944444444441,165.0,HORIZONTAL,577.00000000008
149,CASTILLA 317,7,8400.0,7654.2,1.0183649398183612,97.96354838709682,15.746129032258068,52.91,353.19,3.16,10.735211267605628,144.5,TIPO J,565.00000000008
150,CASTILLA 318,5,7667.0,7337.8,0.8604179035952113,121.8034693877551,10.102959183673471,46.61,355.98,3.41,10.34677419354839,58.5,TIPO J,496.99999999991996
151,CASTILLA 320,6,7945.0,7739.5,0.8286285326191861,104.990786516854,8.97112359550562,29.5,359.18,2.78,10.312369973739312,5.0,DESVIADO T,340.99999999991996
152,CASTILLA 322,7,8225.0,7381.8,1.2176698485077688,92.61139999999997,21.233599999999996,53.5,320.83,2.92,10.112195121951224,288.0,TIPO J,647.50000000008
153,CASTILLA 325,4,8493.0,6980.4,1.2325710956214697,239.21296703296701,24.537802197802204,79.6,348.03,3.59,10.67708333333333,1.5,HORIZONTAL,357.49999999991996
154,CASTILLA 327,7,8010.0,7189.8,1.0118547727616534,220.83245,19.773200000000003,50.31,317.54,3.98,10.586757049496388,37.0,TIPO J,460.99999999991996
155,CASTILLA 328,10,9748.0,7051.9,1.3916716382933885,240.72289062499996,33.05171874999999,88.33,357.17,4.91,9.504587155963304,1585.5,HORIZONTAL,2119.99999999992
156,CASTILLA 330,14,9340.0,7115.3,1.0803682881647096,168.75311403508766,29.245394736842115,70.92,350.07,3.19,10.30091743119267,361.0,TIPO J,880.0000000000799
157,CASTILLA 333,6,8100.0,7289.1,0.9346100670934536,246.91817307692298,18.119855769230774,50.29,347.57,3.76,10.425000000000006,122.0,TIPO J,502.00000000008004
158,CASTILLA 336,4,8100.0,7379.8,0.9098813946403629,67.61908602150541,20.609784946236555,46.0,176.71,2.03,10.759999999999998,1.0,HORIZONTAL,322.5
159,CASTILLA 339,7,9955.0,7076.4,1.2617331193230348,67.06891304347828,23.577608695652174,91.75,331.48,4.82,10.090476190476195,44.0,HORIZONTAL,501.0
160,CASTILLA 340,5,8204.0,7310.0,0.8697595811388757,66.74196078431369,23.60098039215687,49.99,342.47,2.53,10.33055555555556,49.5,HORIZONTAL,495.0
161,CASTILLA 341,6,8380.0,7374.7,0.9543650932841713,72.65105769230772,22.64105769230769,52.6,340.59,2.98,10.466031890203174,31.5,TIPO J,471.49999999991996
162,CASTILLA 342,4,8375.0,7264.3,0.970249684391185,154.0213541666667,24.765104166666674,54.88,353.84,2.36,10.589473684210528,64.5,TIPO J,436.00000000008004
163,CASTILLA 343,5,8113.0,7236.2,0.9756778126615377,151.30977011494255,19.68735632183908,52.22,223.1,2.75,10.240350877192979,83.0,TIPO J,424.00000000008004
164,CASTILLA 344,10,8800.0,7325.8,1.316816128425275,336.9900732600731,36.80395604395605,56.5,359.77,4.15,9.788073394495417,502.0,TIPO J,849.9833333332799
165,CASTILLA 345,6,8241.5,7022.6,1.115317468832669,211.0800588235294,19.680235294117644,73.5,344.04,3.94,10.785294117647062,40.5,TIPO J,457.00000000008004
166,CASTILLA 346,4,7711.0,6906.3,1.0993688672711535,236.72690476190488,16.54428571428571,65.7,352.43,3.91,10.628846153846155,43.5,TIPO J,400.5
167,CASTILLA 347,6,9063.0,7039.3,1.1914503863049761,106.67666666666668,26.167941176470585,80.63,326.74,3.94,10.736065573770492,33.5,TIPO J,465.0
168,CASTILLA 348,7,8231.0,7496.6,1.1228878788855732,256.30288524590156,16.84708196721312,61.8,346.57,3.89,9.518965517241382,514.5,TIPO J,967.0000000000799
169,CASTILLA 349,6,7620.0,7551.7,0.6488681458795769,165.26392857142855,4.298333333333334,21.99,348.66,2.94,10.495555555555553,31.0,TIPO J,366.0
170,CASTILLA 350,5,7680.0,7201.5,0.6998267155618904,212.04402298850567,17.005402298850576,38.6,354.03,2.19,10.168656716417907,70.5,TIPO J,517.00000000008
171,CASTILLA 356,14,9391.0,6982.8,1.2455750429465158,228.31849056603775,30.98528301886791,89.54,359.62,3.59,9.742666666666667,106.5,HORIZONTAL,558.0
172,CASTILLA 357,13,9286.0,6868.5,1.482670511700983,197.98781407035193,27.691809045226144,91.3,357.32,4.79,9.602392344497613,855.0,HORIZONTAL,1491.0
173,CASTILLA 358,7,8145.0,6877.6,1.4534413167670432,178.47213197969538,22.18192893401017,77.11,319.58,3.78,10.015789473684212,82.0,HORIZONTAL,439.5
174,CASTILLA 359,16,9753.0,6885.0,1.6569956217025446,192.37524714828902,39.84072243346008,94.59,359.43,4.98,9.623529411764693,687.0,HORIZONTAL,1283.50000000008
175,CASTILLA 360,10,9597.0,6861.1,1.4301236256774668,102.07707964601772,34.66884955752213,96.81,356.89,3.8,10.365060240963864,103.0,HORIZONTAL,660.0
176,CASTILLA 361,4,7907.0,7277.4,1.0407749404668962,244.57258426966288,17.8179213483146,41.45,335.67,3.0,10.593181818181815,5.0,TIPO J,343.99999999991996
177,CASTILLA 362,4,8300.0,7237.6,1.0334887170543354,293.4593617021277,22.764893617021283,59.58,357.64,2.27,10.10588235294117,72.0,TIPO J,433.99999999991996
178,CASTILLA 363,5,9246.0,7122.5,1.2766464647363482,63.87460784313728,27.651666666666664,85.3,357.44,4.0,9.91882352941177,112.0,TIPO J,697.99999999992
179,CASTILLA 364,6,9836.6,7086.0,1.1059124582259006,249.51008547008553,31.728974358974355,80.81,353.02,2.52,10.819780219780226,131.5,HORIZONTAL,679.99999999992
180,CASTILLA 365,7,7627.0,6927.6,1.2802467747909352,159.31571428571422,22.772040816326534,49.81,264.73,4.63,10.74141414141416,246.5,TIPO J,777.4999999999201
181,CASTILLA 367,5,8237.0,6985.7,1.0218632920631114,113.41874999999999,23.424886363636368,58.47,359.1,3.68,10.676842105263168,25.0,TIPO J,640.99999999992
182,CASTILLA 368,5,7948.0,7433.8,0.8869878092311213,73.3698850574713,15.981149425287352,37.1,353.58,2.49,10.192307692307686,58.0,TIPO J,526.5
183,CASTILLA 369,6,8080.0,7429.4,0.8315406417921256,88.944,18.19282352941176,43.67,208.15,1.76,10.245652173913038,28.0,TIPO J,355.00000000008004
184,CASTILLA 370,5,7750.0,7392.2,1.0128900591558154,172.86219512195126,12.929634146341463,39.93,359.93,2.69,10.260000000000002,35.0,TIPO J,363.49999999991996
185,CASTILLA 372,9,8430.0,7479.6,0.8021283806785764,113.68838709677416,22.4583870967742,51.36,300.96,1.99,10.453566840603731,7.0,TIPO J,403.99999999991996
186,CASTILLA 373,5,8180.0,7386.2,1.0176437711456394,187.04611111111117,17.297777777777775,52.0,340.91,3.4,10.124999999999996,54.0,TIPO J,433.99999999991996
187,CASTILLA 374,6,7896.0,7489.1,0.937703856853495,92.08056818181818,12.783977272727272,45.35,321.13,2.4,9.803333333333335,66.5,TIPO J,456.49999999991996
188,CASTILLA 375,7,7919.0,7397.3,1.0810107977368688,168.30183908045979,16.162873563218387,45.7,333.88,3.24,10.092682926829267,26.5,TIPO J,310.00000000008004
189,CASTILLA 376,6,9249.0,7410.1,1.037329361688199,275.7330097087379,26.89300970873786,70.45,359.58,2.37,10.2452,4.5,TIPO J,405.49999999991996
190,CASTILLA 382,10,7680.0,7165.0,1.2858291425862507,183.84702127659568,16.83978723404255,44.25,359.93,3.45,10.341666666666661,15.5,TIPO J,404.50000000008004
191,CASTILLA 385,7,8257.0,7142.0,0.8594102073847768,229.22936842105267,25.696631578947375,50.8,246.11,2.17,10.157894736842104,51.5,TIPO J,478.00000000008004
192,CASTILLA 386,10,7857.0,7033.0,1.1845881979601596,189.62505263157902,22.136105263157898,54.79,356.82,3.3,9.34294478527608,846.5,TIPO J,1327.00000000008
193,CASTILLA 4,6,7175.0,7175.0,1.4369848507768956,0.03,0.0,0.0,0.03,1.4369848507768956,10.113999999999997,51.5,TIPO J,1128.0
194,CASTILLA 4,6,7175.0,7175.0,1.4369848507768956,0.03,0.0,0.0,0.03,1.4369848507768956,10.113999999999997,51.5,VERTICAL,1128.0
195,CASTILLA 402,10,8664.0,7402.8,1.3374378545786922,204.22975935828887,20.012780748663097,91.18,359.0,5.0,9.181363636363617,1605.0,HORIZONTAL,2040.0
196,CASTILLA 405,11,8038.0,6611.7,1.4737388011038461,146.3981521739131,25.374565217391304,78.58,302.68,4.36,10.750666666666664,525.5,HORIZONTAL,864.0
197,CASTILLA 406,5,9054.0,6509.6,1.4029505348267708,142.81754901960784,30.8956862745098,92.1,358.34,3.99,10.507499999999997,19.5,HORIZONTAL,408.0
198,CASTILLA 411,7,9901.0,6966.5,1.4586428236735234,130.03790697674418,39.69744186046511,92.64,347.4,4.97,9.333070866141732,494.0,HORIZONTAL,1056.0
199,CASTILLA 412,8,10145.0,6859.4,1.3576247294781585,164.14276785714273,34.31401785714285,96.49,330.12,4.9,9.821587301587297,103.0,HORIZONTAL,504.0
200,CASTILLA 413,4,10181.0,6789.4,1.4227541201890692,106.39280701754382,36.767456140350895,91.29,355.92,4.13,10.19074074074074,7.5,HORIZONTAL,456.0
201,CASTILLA 414,4,9720.0,7007.8,1.5061068723353017,268.3354464285715,32.36133928571428,90.69,351.6,4.67,10.302127659574465,8.0,HORIZONTAL,384.0
202,CASTILLA 415,10,7247.0,6663.9,1.3155992425388447,141.75437500000004,16.91774999999999,57.5,313.06,3.13,10.236458333333344,294.5,TIPO J,640.99999999992
203,CASTILLA 416,5,8043.0,7100.1,0.9609880831809842,156.48494382022471,23.190449438202243,53.78,279.34,2.46,10.321686746987963,212.0,TIPO J,609.49999999992
204,CASTILLA 417,11,7782.0,7534.4,0.9106437711456397,149.83566666666667,10.47366666666667,34.12,359.94,2.48,10.144067796610168,114.5,TIPO J,523.99999999992
205,CASTILLA 418,6,8490.0,7002.7,0.9639563376678233,311.2315053763441,29.566559139784946,55.75,333.69,2.21,10.491403508771931,58.0,TIPO J,427.00000000008004
206,CASTILLA 419,6,8528.0,7095.4,1.2127972276926342,276.1712234042553,21.587234042553185,79.83,348.56,3.91,9.85625,292.5,HORIZONTAL,738.49999999992
207,CASTILLA 420,6,8085.0,7453.6,1.0476410930905278,264.6479768786127,13.143526011560695,58.18,356.61,4.29,9.533628318584068,509.0,HORIZONTAL,858.0
208,CASTILLA 421,11,8437.0,7597.0,1.0332740593748082,89.01208791208785,17.963516483516482,57.87,359.84,2.63,10.305660377358489,43.5,HORIZONTAL,396.0
209,CASTILLA 423,5,8058.0,7365.6,0.8976395406039281,113.87897849462368,17.80876344086022,42.14,355.0,2.69,10.334979961721709,134.0,TIPO J,474.49999999991996
210,CASTILLA 424,12,7854.0,7091.3,1.1955574349198557,121.39267441860464,18.232558139534888,58.96,334.83,3.45,10.042857142857143,18.0,TIPO J,388.00000000008004
211,CASTILLA 425,4,7915.0,7267.3,0.9795274090236807,91.62573033707866,17.578651685393265,50.47,251.19,2.03,10.211475409836062,3.0,TIPO J,415.98333333335995
212,CASTILLA 426,6,8405.0,7099.1,1.1298312600163558,74.21557894736841,22.339052631578948,75.5,359.33,3.43,10.219148936170207,22.5,TIPO J,413.50000000008004
213,CASTILLA 427,4,9036.0,7749.8,0.934179394031075,71.87810000000002,24.4427,54.94,340.4,2.35,10.478947368421053,6.0,HORIZONTAL,478.00000000008004
214,CASTILLA 428,8,8562.0,6969.1,1.073661937922831,293.2595541401273,27.81388535031847,61.9,312.94,2.06,10.372222222222216,14.0,TIPO J,426.49999999991996
215,CASTILLA 440,4,9600.0,6711.4,1.4590461560257122,227.1624074074074,33.86898148148149,91.12,351.1,4.42,10.254237288135595,25.5,TIPO J,541.5
216,CASTILLA 441,7,9438.0,6782.3,1.3608876005181318,230.2214285714286,31.494081632653064,90.09,354.21,4.97,9.97807323028509,622.0,HORIZONTAL,1045.99999999992
217,CASTILLA 442,5,9703.0,6764.9,1.382471008180547,183.3415384615384,32.3535576923077,89.91,353.07,4.58,9.99887640449438,168.0,HORIZONTAL,664.99999999992
218,CASTILLA 443,6,9936.0,6692.7,1.4321825466420852,190.4911538461538,34.310769230769225,91.64,359.16,4.49,10.121428571428565,17.5,HORIZONTAL,559.98333333336
219,CASTILLA 444,8,8697.0,6824.3,1.503015909205511,144.6551666666666,32.85916666666667,86.1,357.8,3.99,9.759999999999991,516.5,HORIZONTAL,871.9999999999201
220,CASTILLA 445,6,8080.0,6826.1,1.3688793355515292,118.98289156626504,21.539759036144584,83.1,353.64,3.95,10.670454545454545,3.5,HORIZONTAL,393.0
221,CASTILLA 446,4,8506.0,6769.8,1.4369002062989915,155.73649214659693,26.703979057591624,80.36,359.23,4.38,10.4659982475152,38.5,TIPO J,403.00000000008004
222,CASTILLA 447,7,8050.0,7308.9,0.8998629477625862,130.70284090909084,18.488295454545455,50.6,299.36,2.45,9.872131147540982,119.0,TIPO J,420.0
223,CASTILLA 448,5,8670.0,6723.5,1.1061489663841824,153.47514018691592,26.699813084112147,82.7,358.99,4.14,10.032577319587633,175.0,TIPO J,763.00000000008
224,CASTILLA 449,7,7710.0,6999.1,0.8478900591558156,159.52780487804884,16.15353658536585,45.46,359.91,3.3,10.333333333333336,37.0,TIPO J,425.50000000008004
225,CASTILLA 451,6,7817.0,6787.2,1.393773629175915,111.40452380952382,19.951011904761913,76.75,352.16,3.91,10.652000000000003,31.0,HORIZONTAL,374.98333333344
226,CASTILLA 452,4,8500.0,6935.2,0.9642549474569071,116.22295918367352,27.06969387755102,55.76,344.24,3.75,10.506896551724138,71.5,TIPO J,484.00000000008004
227,CASTILLA 453,6,9345.0,6738.1,1.4010085814296798,123.02132743362831,30.595044247787612,91.29,353.8,4.65,10.18225806451613,7.5,HORIZONTAL,502.99999999991996
228,CASTILLA 454,8,9700.0,6729.4,1.2581807732892576,100.16625000000002,32.351551724137934,86.53,357.66,4.61,10.041319088707908,279.5,TIPO J,794.5000000000799
229,CASTILLA 455,5,7425.0,6990.4,0.8213706163008642,152.89438202247194,12.455505617977515,45.45,354.02,3.22,10.454347826086957,23.5,TIPO J,363.0
230,CASTILLA 456,12,8617.0,6865.3,1.4755675346889823,124.11773869346736,25.849899497487456,75.93,348.04,3.97,10.447887323943656,85.5,TIPO J,593.98333333344
231,CASTILLA 457,9,7700.0,7465.3,0.7973068599327964,239.72527472527472,9.334065934065931,36.3,357.69,2.26,10.889285714285716,247.0,TIPO J,658.00000000008
232,CASTILLA 458,10,10360.0,7793.0,1.4340130161282385,94.31114093959734,37.46187919463088,82.0,350.41,4.64,10.010909090909106,53.5,HORIZONTAL,886.9166666666399
233,CASTILLA 459,7,8608.0,7354.1,1.0171793940310756,130.4361,22.0116,71.0,359.37,4.55,10.933898305084748,5.0,TIPO J,454.99999999991996
234,CASTILLA 460,12,9024.0,7183.3,1.169818614784102,148.9670476190476,28.29990476190476,76.36,359.52,3.88,10.927692307692313,39.0,TIPO J,502.00000000008004
235,CASTILLA 461,12,10100.0,7478.0,1.1480149163357134,102.57447204968948,24.095714285714283,82.17,358.17,3.24,10.052808988764056,92.5,TIPO J,693.49999999992
236,CASTILLA 462,7,9430.0,6808.9,1.1918128009491007,211.84747663551406,35.67906542056074,82.4,352.98,3.92,10.532142857142858,7.5,HORIZONTAL,443.50000000008004
237,CASTILLA 463,9,9320.0,6811.7,1.2064525443542813,235.05811320754717,32.690849056603774,86.58,345.93,4.13,10.388709677419358,6.5,HORIZONTAL,487.98333333335995
238,CASTILLA 464,4,9000.0,7283.7,1.0088447361145116,231.61329896907213,30.898762886597954,56.13,349.36,2.65,10.435937500000001,45.0,TIPO J,520.00000000008
239,CASTILLA 465,8,9195.0,7320.3,1.069279394031076,79.30849999999998,27.277800000000003,80.51,356.62,3.13,10.476190476190474,53.5,TIPO J,556.99999999992
240,CASTILLA 466,8,8390.0,7409.6,1.0053860193358384,234.01840909090907,22.271590909090904,53.1,334.35,1.98,10.035416666666666,88.0,TIPO J,430.99999999991996
241,CASTILLA 467,6,7320.0,6832.7,1.1733435973368893,217.66064516129043,14.800107526881721,53.5,342.77,3.71,10.46829268292683,13.0,TIPO J,335.98333333344
242,CASTILLA 468,4,8883.0,6609.9,1.130372757482012,238.28681592039794,30.13746268656718,84.9,359.94,3.25,10.475675675675683,376.5,HORIZONTAL,867.0
243,CASTILLA 469,7,8757.0,6809.9,1.2469744760079404,105.90974910394273,26.938279569892476,83.82,358.57,4.25,10.188169014084503,610.0,HORIZONTAL,1138.5
244,CASTILLA 470,4,8070.0,7074.1,0.924859760501251,126.67511627906978,24.036279069767446,50.8,181.44,2.43,10.483888888888892,9.0,TIPO J,408.0
245,CASTILLA 471,45,7430.0,7085.2,0.8759104420580099,169.8154777070065,14.355923566878978,31.5,221.33,1.88,10.539344262295083,64.5,TIPO J,417.0
246,CASTILLA 472,7,8273.0,7579.1,1.044630251442526,257.3023863636365,19.044147727272726,42.83,352.97,2.78,10.410526315789475,79.5,TIPO J,463.99999999991996
247,CASTILLA 473,5,8117.0,7094.9,0.8990676670053765,147.87601941747573,23.990291262135926,52.3,358.21,2.23,10.268965517241378,203.0,TIPO J,681.49999999992
248,CASTILLA 474,4,8694.0,6843.7,1.0547833743453217,213.28765765765763,29.066216216216215,75.03,341.25,3.39,10.325000000000006,163.0,TIPO J,567.49999999992
249,CASTILLA 5,9,7030.0,7028.7,1.336210559318397,224.62561855670097,0.9343556701030933,5.15,359.8,4.84,10.189787163185771,128.0,VERTICAL,816.0
250,CASTILLA 504,4,8500.0,6878.3,1.3106366967374457,269.94824175824186,28.216263736263734,75.35,349.12,2.84,10.231746031746031,12.5,TIPO J,546.0
251,CASTILLA 505,6,10000.0,6800.3,1.1594246212694221,84.59616666666665,35.76391666666668,84.83,347.5,4.14,10.380232558139541,54.0,TIPO J,608.50000000008
252,CASTILLA 507,13,7470.0,6808.5,1.1695377956385449,277.65450549450543,16.163406593406595,61.8,357.64,3.99,10.54,3.0,TIPO J,316.00000000008004
253,CASTILLA 508,15,7936.0,7503.1,1.044920667450647,224.94179775280904,14.635056179775281,42.4,349.62,2.69,10.236363636363638,28.0,TIPO J,360.0
254,CASTILLA 509,6,8003.0,6998.1,1.0597434814314834,306.8084883720928,25.240697674418602,46.77,356.47,2.61,10.999999999999998,7.5,TIPO J,427.99999999991996
255,CASTILLA 510,6,8000.0,6950.8,1.106587344163347,95.69594059405941,26.285346534653463,60.25,322.49,2.71,10.415999999999997,10.0,TIPO J,339.0
256,CASTILLA 511,5,7523.0,6993.6,1.2393261709655923,307.6729999999998,21.936999999999998,36.34,353.08,4.58,9.75625,184.0,TIPO J,501.49999999991996
257,CASTILLA 512,5,7400.0,7016.3,0.9121438482302119,93.32975903614455,11.980602409638553,47.12,359.78,2.75,10.395238095238096,14.5,TIPO J,325.00000000008004
258,CASTILLA 513,5,8386.0,6755.3,1.3604830564933812,117.32731182795688,26.168817204301078,80.82,352.77,3.62,10.338596491228067,6.5,TIPO J,435.0
259,CASTILLA 558,6,7930.0,7008.7,0.9936937611947505,246.85258823529418,20.392823529411764,52.45,348.66,2.53,10.279166666666663,13.5,TIPO J,370.00000000008004
260,CASTILLA 559,5,8700.0,6983.9,0.9045103159739764,238.01861702127653,31.755106382978713,54.12,346.62,2.8,10.440350877192978,20.5,TIPO J,433.98333333335995
261,CASTILLA 560,4,7845.0,6907.9,0.8489295279431113,276.50441860465116,22.83941860465116,46.29,337.58,1.77,10.749999999999998,61.5,TIPO J,390.0
262,CASTILLA 561,4,7794.0,7009.4,0.8846349376653386,214.487294117647,20.075882352941175,49.5,341.47,2.52,10.379069767441859,7.5,TIPO J,324.0
263,CASTILLA 562,8,8540.0,7008.7,1.0354102073847766,141.95136842105262,28.02442105263157,61.98,176.8,2.63,10.207017543859646,69.0,TIPO J,448.99999999991996
264,CASTILLA 563,5,6980.0,6720.8,1.190653263491419,217.84576923076924,9.781666666666666,38.95,341.96,3.96,10.384615384615381,1.0,TIPO J,280.98333333335995
265,CASTILLA 564,6,7512.0,7038.1,1.0195551815006638,152.10543209876542,12.64888888888889,53.63,345.42,2.72,10.211904761904762,3.0,TIPO J,322.99999999991996
266,CASTILLA 565,8,7850.0,6974.4,0.9918254052415915,167.6361627906976,20.784302325581393,53.31,357.67,2.81,10.080434782608691,41.0,TIPO J,355.99999999991996
267,CASTILLA 566,7,7983.0,6946.6,0.8515928471020571,235.62220930232553,24.574883720930234,52.3,315.71,2.14,10.11897959183673,35.5,TIPO J,384.0
268,CASTILLA 592,5,7870.0,7276.7,0.9840217910461527,227.4466292134831,17.40910112359551,40.51,335.16,2.33,10.271999999999997,35.5,TIPO J,412.99999999991996
269,CASTILLA 593,4,7828.0,7324.7,0.9313556253230755,181.78609195402296,15.750459770114945,44.46,312.99,1.75,10.36851851851852,33.5,TIPO J,364.99999999991996
270,CASTILLA 597,7,7900.0,7343.7,0.821762418065265,144.31051546391754,17.167113402061855,42.84,330.27,1.74,10.124561403508773,21.0,TIPO J,397.99999999991996
271,CASTILLA 598,6,7385.0,7097.0,0.9099739164950329,236.9755696202532,8.930506329113923,43.52,355.43,3.04,10.08148148148148,90.0,TIPO J,417.49999999991996
272,CASTILLA 599,5,7680.0,6716.5,0.9942465395253556,109.78555555555555,20.173086419753087,61.52,339.99,2.61,10.110714285714286,70.0,TIPO J,382.99999999991996
273,CASTILLA 600,4,7860.0,7116.4,0.857766737245437,291.27453488372083,20.44767441860465,45.0,343.59,2.38,10.47142857142857,28.0,TIPO J,397.5
274,CASTILLA 601,5,7650.0,7127.1,0.8696228165071482,228.09200000000004,16.857882352941182,40.78,288.25,2.35,10.005882352941171,66.0,TIPO J,504.0
275,CASTILLA 602,6,8318.0,7113.3,0.899318015418764,287.105824175824,26.74846153846154,49.0,306.6,1.95,10.367924528301883,7.0,TIPO J,362.50000000008004
276,CASTILLA 603,7,7931.0,6894.3,1.0813767781008625,275.35520408163273,25.145408163265305,60.85,355.56,3.23,10.574000000000003,20.5,TIPO J,393.98333333328
277,CASTILLA 604,5,8426.0,6998.1,1.1073293616881994,281.068932038835,30.20514563106797,62.32,357.92,3.92,10.572881355932205,43.5,TIPO J,460.00000000008004
278,CASTILLA 605,5,9382.0,7894.6,1.1658455711837266,84.52201923076917,25.674903846153846,64.05,349.25,2.71,10.236986301369859,55.0,TIPO J,595.99999999992
279,CASTILLA 609,5,8508.0,7029.4,0.9966445097108338,307.9605376344087,30.33870967741935,64.18,325.95,2.64,10.495522388059703,100.5,TIPO J,539.50000000008
280,CASTILLA 700,12,7698.0,7048.4,0.8255051694483242,84.56388235294118,19.40070588235294,24.69,359.81,3.19,10.560416666666663,3.0,TIPO J,370.99999999991996
281,CASTILLA 701,5,7300.0,7146.2,0.8797309683305803,122.78841463414625,9.603048780487804,22.48,285.01,2.04,10.198581434808133,21.0,TIPO J,340.99999999991996
282,CASTILLA 702,10,7482.0,6832.1,0.8541142460127307,180.3567816091954,21.412528735632186,30.46,192.9,3.17,10.315555555555553,2.5,TIPO J,340.5
283,CASTILLA 81,5,7270.0,6977.4,1.1770357795367923,187.69313253012058,11.747831325301206,47.86,347.98,3.84,10.158823529411766,2.5,TIPO J,384.0
284,CASTILLA 87,9,7384.0,7068.8,0.961999278608423,177.45273809523815,14.333690476190478,43.58,354.55,3.45,10.010000000000005,44.5,TIPO J,648.0
285,CASTILLA 89,8,7678.0,7156.4,0.9623363977877257,210.59561797752812,15.49056179775281,50.04,359.81,3.06,10.622222222222222,1.0,TIPO J,408.0
286,CASTILLA DISPOSAL 10,15,10161.0,8791.6,0.8947446431027349,167.97635983263615,21.44276150627616,50.92,342.55,3.73,10.215126050420174,181.0,TIPO J,756.0
287,CASTILLA DISPOSAL 11,6,10071.0,8361.1,1.10818072128103,169.50343891402713,24.48461538461538,60.51,352.93,3.29,10.178947368421058,57.0,TIPO J,619.00000000008
288,CASTILLA DISPOSAL 12,12,8461.0,8457.2,0.6527164094632791,196.38735849056596,1.4971698113207554,4.21,350.57,3.21,10.449019607843137,16.5,TIPO J,381.01666666656
289,CASTILLA DISPOSAL 13,5,8967.0,8070.6,1.1197162779036067,214.5570796460177,21.20902654867257,43.6,300.06,2.61,10.469642857142857,6.0,TIPO J,386.01666666672
290,CASTILLA DISPOSAL 14,5,9057.1,8410.7,0.8231345892171859,181.2765765765766,15.650900900900899,44.43,354.41,2.74,10.045569620253154,181.0,TIPO J,588.91666666656
291,CASTILLA DISPOSAL 15,6,9702.5,8553.4,1.1996139279593168,177.1246634615385,27.0572596153846,41.93,357.22,2.92,10.544214876033056,374.5,TIPO J,915.4999999999201
292,CASTILLA DISPOSAL 16,7,9986.0,7885.0,1.1523796644884923,226.09355371900824,31.308099173553707,68.16,329.43,2.52,9.99399999999999,130.0,TIPO J,766.99999999992
293,CASTILLA DISPOSAL 18,8,10051.0,9218.6,0.8453996048028755,118.97643478260872,15.800347826086956,40.88,359.57,3.49,10.750847457627122,77.0,TIPO J,852.4999999999201
294,CASTILLA DISPOSAL 19,16,11500.0,8938.1,1.0725030727490037,190.0488111888113,26.322937062937065,78.78,352.99,3.97,10.05309734513274,225.5,TIPO J,843.4999999999201
295,CASTILLA DISPOSAL 2,17,8941.0,8932.9,0.4941319903103056,130.75443298969077,2.1831958762886594,3.95,350.7,1.4369848507768956,11.051724137931034,67.0,VERTICAL,744.0
296,CASTILLA DISPOSAL 20,8,10893.0,9086.4,1.1026668125747021,185.5527644230772,23.492524038461514,80.29,352.98,4.94,9.784223602484476,606.0,HORIZONTAL,1201.00000000008
297,CASTILLA DISPOSAL 21,6,11180.0,8887.7,1.0425849607522506,146.3883703703703,23.625296296296295,83.59,357.9,4.09,10.075679012345686,59.0,TIPO J,601.98333333336
298,CASTILLA DISPOSAL 22,6,11000.0,9054.4,0.9287448058497181,122.97579945799455,19.60615176151762,71.26,352.95,3.75,11.07796610169492,362.0,HORIZONTAL,912.9000000000001
299,CASTILLA DISPOSAL 3,14,10409.0,7589.5,1.2615626655566086,110.9015533980583,36.1285436893204,80.81,346.23,4.84,9.833719211918739,103.0,TIPO J,792.0
300,CASTILLA DISPOSAL 4,11,9957.0,7651.4,1.0661007040560986,194.19343434343435,33.18020202020204,69.82,358.6,3.57,10.474390243902441,81.5,TIPO J,720.0
301,CASTILLA DISPOSAL 5,8,10020.0,7535.9,1.4580785487046546,102.15640350877202,31.21543859649123,74.82,356.09,4.44,10.352000000000002,59.0,TIPO J,576.0
302,CASTILLA DISPOSAL 6,132,9489.0,7693.5,1.1330854257290839,163.5511428571429,28.326095238095235,61.59,324.31,4.36,9.881481481481485,247.5,TIPO J,624.0
303,CASTILLA DISPOSAL 7,12,9600.0,8763.5,0.8669097734304219,120.05801801801798,16.684054054054037,46.06,355.99,2.53,10.187654320987654,77.0,TIPO J,482.50000000008004
304,CASTILLA DISPOSAL 8,7,10298.0,8945.7,1.0471030851561713,129.20304909560718,23.562196382428965,75.75,355.83,3.88,9.787199324968821,117.0,TIPO J,855.4999999999201
305,CASTILLA DISPOSAL 9,9,9086.0,8069.0,0.960349529814437,223.65519607843126,18.498578431372533,50.69,351.05,4.13,9.962745098039216,149.5,TIPO J,647.98333333344
